nome,crédito
senador1023.jpg,Senado Federal
senador111.jpg,Senado Federal
senador1173.jpg,Senado Federal
senador1176.jpg,Senado Federal
senador1249.jpg,Beto Oliveira/Supres
senador16.jpg,Senado Federal
senador2207.jpg,Senado Federal
senador2331.jpg,Senado Federal
senador2632.jpg,Senado Federal
senador3.jpg,Cleber Medeiros/Supres
senador3360.jpg,Cleber Medeiros/Supres
senador3361.jpg,Senado Federal
senador3366.jpg,Senado Federal
senador3372.jpg,Cleber Medeiros/Supres
senador3394.jpg,Rodrigo Viana/Supres
senador3396.jpg,Senado Federal
senador3398.jpg,Senado Federal
senador35.jpg,Senado Federal
senador3579.jpg,Senado Federal
senador3597.jpg,Senado Federal
senador3634.jpg,Beto Oliveira/Supres
senador3695.jpg,Cleber Medeiros/Supres
senador3713.jpg,Senado Federal
senador374.jpg,Senado Federal
senador3741.jpg,Cleber Medeiros/Supres
senador3823.jpg,Cleber Medeiros/Supres
senador3830.jpg,Senado Federal
senador3881.jpg,Senado Federal
senador391.jpg,Senado Federal
senador40.jpg,Cleber Medeiros/Supres
senador4522.jpg,Senado Federal
senador4525.jpg,Senado Federal
senador4558.jpg,Senado Federal
senador456.jpg,Senado Federal
senador4560.jpg,Cleber Medeiros/Supres
senador4575.jpg,Senado Federal
senador4593.jpg,Cleber Medeiros/Supres
senador4606.jpg,Jefferson Rudy/Agência Senado
senador4697.jpg,Cleber Medeiros/Supres
senador4721.jpg,Senado Federal
senador4763.jpg,Senado Federal
senador4767.jpg,Jefferson Rudy/Agência Senado
senador4786.jpg,Senado Federal
senador4873.jpg,Senado Federal
senador4949.jpg,Senado Federal
senador4969.jpg,Senado Federal
senador4981.jpg,Cleber Medeiros/Supres
senador4988.jpg,Beto Oliveira/Supres
senador4990.jpg,Beto Oliveira/Supres
senador4994.jpg,Beto Oliveira/Supres
senador5000.jpg,Senado Federal
senador5002.jpg,Senado Federal
senador5004.jpg,Cleber Medeiros/Supres
senador5006.jpg,Senado Federal
senador5008.jpg,Cleber Medeiros/Supres
senador5010.jpg,Cleber Medeiros/Supres
senador5012.jpg,Cleber Medeiros/Supres
senador5018.jpg,Senado Federal
senador5020.jpg,Senado Federal
senador5038.jpg,Senado Federal
senador5048.jpg,Senado Federal
senador5052.jpg,Beto Oliveira/Supres
senador5070.jpg,Senado Federal
senador5072.jpg,Senado Federal
senador5100.jpg,Senado Federal
senador5106.jpg,Senado Federal
senador5108.jpg,Rodrigo Viana/Supres
senador5110.jpg,Senado Federal
senador5112.jpg,Senado Federal
senador5116.jpg,Senado Federal
senador5132.jpg,Senado Federal
senador5140.jpg,Jefferson Rudy/Agência Senado
senador5144.jpg,Senado Federal
senador5150.jpg,Senado Federal
senador5156.jpg,Senado Federal
senador5158.jpg,Waldemir Barreto
senador5164.jpg,Senado Federal
senador5166.jpg,Senado Federal
senador5178.jpg,Senado Federal
senador5182.jpg,Senado Federal
senador5197.jpg,Beto Oliveira/Supres
senador5199.jpg,Senado Federal
senador5236.jpg,Senado Federal
senador5322.jpg,Senado Federal
senador5523.jpg,Senado Federal
senador5525.jpg,Senado Federal
senador5527.jpg,Fabiano Accorsi
senador5529.jpg,Senado Federal
senador5531.jpg,Senado Federal
senador5533.jpg,Senado Federal
senador5535.jpg,Senado Federal
senador5537.jpg,Senado Federal
senador5540.jpg,Senado Federal
senador558.jpg,Senado Federal
senador5615.jpg,Nenhum
senador5617.jpg,Senado Federal
senador5619.jpg,Edilson Rodrigues/Agência Senado
senador5635.jpg,Senado Federal
senador5637.jpg,Senado Federal
senador604.jpg,Pedro França/Agência Senado
senador612.jpg,Cleber Medeiros/Supres
senador615.jpg,Cleber Medeiros/Supres
senador631.jpg,Cleber Medeiros/Supres
senador635.jpg,Senado Federal
senador64.jpg,Senado Federal
senador643.jpg,Senado Federal
senador677.jpg,Senado Federal
senador70.jpg,Senado Federal
senador715.jpg,Cleber Medeiros/Supres
senador72.jpg,Senado Federal
senador73.jpg,Cleber Medeiros/Supres
senador739.jpg,Cleber Medeiros/Supres
senador825.jpg,Cleber Medeiros/Supres
senador846.jpg,Senado Federal
senador87.jpg,Cleber Medeiros/Supres
senador878.jpg,Jefferson Rudy/Agência Senado
senador90.jpg,Senado Federal
senador945.jpg,Cleber Medeiros/Supres
senador950.jpg,Senado Federal
